step,norm
0,1.0
1,1.0
2,1.0000000000000002
3,1.0
4,1.0000000000000002
