horizon,model_name,accuracy,mean_regret
1,quantum_encoded,1.0,0.0
1,residual_mlp,0.4583333333333333,0.022306949214842792
2,quantum_encoded,1.0,0.0
2,residual_mlp,0.6666666666666666,0.0066056929796336206
4,quantum_encoded,1.0,0.0
4,residual_mlp,0.7291666666666666,0.004366054032227721
8,quantum_encoded,1.0,0.0
8,residual_mlp,0.75,0.0031513979954628925
12,quantum_encoded,1.0,0.0
12,residual_mlp,0.8125,0.0015231615982148913
