method,query_budget,observable_error,utility_error
amplitude_estimation,8,0.02656784201361816,0.02656784201361816
amplitude_estimation,32,0.014515764524802828,0.014515764524802828
amplitude_estimation,128,0.004718907949049101,0.004718907949049101
monte_carlo,8,0.10832989621751041,0.10832989621751041
monte_carlo,32,0.053534479695220745,0.053534479695220745
monte_carlo,128,0.02380151248817685,0.02380151248817685
