scenario,model_name,accuracy,mean_regret,mean_epsilon,avg_entropy,avg_support_size
markov_high_conflict,ground_truth,1.0,0.0,0.0,1.7829632651278844,6.0
markov_high_conflict,quantum_encoded,1.0,0.0,0.0,1.7829632651278844,6.0
markov_high_conflict,residual_mlp,0.7916666666666666,0.002167735105933093,0.0,1.7829632651278844,6.0
markov_low_conflict,ground_truth,1.0,0.0,0.0,1.7829663093669703,6.0
markov_low_conflict,quantum_encoded,1.0,0.0,0.0,1.7829663093669703,6.0
markov_low_conflict,residual_mlp,0.8958333333333334,0.0005659324825854692,0.07402175211816021,1.7829663093669703,6.0
markov_medium_conflict,ground_truth,1.0,0.0,0.0,1.7829654471810352,6.0
markov_medium_conflict,quantum_encoded,1.0,0.0,0.0,1.7829654471810352,6.0
markov_medium_conflict,residual_mlp,0.7083333333333334,0.004467409245566039,0.0,1.7829654471810352,6.0
