method,query_budget,observable_error,utility_error
amplitude_estimation,8,0.15071864304490815,0.15071864304490815
amplitude_estimation,32,0.027934696514537723,0.027934696514537723
monte_carlo,8,0.14818120380084676,0.14818120380084676
monte_carlo,32,0.06572504407817432,0.06572504407817432
