step,norm
0,0.9999999999999999
1,0.9999999999999997
2,0.9999999999999999
3,1.0
4,0.9999999999999997
5,0.9999999999999996
6,0.9999999999999993
7,0.9999999999999996
8,0.9999999999999996
9,0.9999999999999996
